claim_id	question_id	artifact_ref	modality	locator_type	locator	capture_ref	source_strength	source_role	text_excerpt	notes
MAVO-GATE-001	MAVO-VALIDITY-00	../../../cases/mavo-short/inputs/intent.draft.md	markdown	line_range	1-40		self_canon	context	Owner intent exists but is a draft.	Closure must carry needs-owner-approval.
MAVO-GATE-002	MAVO-VALIDITY-00	../../../cases/mavo-short/inputs/criteria.draft.md	markdown	line_range	1-20		self_canon	context	Criteria exist but are a draft.	Closure must carry needs-owner-approval.
MAVO-GATE-003	MAVO-VALIDITY-00	/Users/triton/Documents/mavo-short/_ops/GOAL.md	markdown	line_range	12-14		self_canon	current_scope	Current model is SaaS-vitrine with paid Принять; future gallery/marketplace/commission are outside current canon.	Validates current/future boundary for all tests.
MAVO-GATE-004	MAVO-VALIDITY-00	/Users/triton/Documents/mavo-short/_ops/GOAL.md	markdown	line_range	34-42		self_canon	current_scope	Core says buyer pays studio directly and MAVO is not cashier/seller.	Validates actor and money boundary.
MAVO-BUYER-001	MAVO-BUYER-02	/Users/triton/Documents/mavo-short/01_Описание_бизнеса/03_Как_это_работает/_Путь_покупателя.md	markdown	line_range	31-37		self_canon	claim_anchor	Buyer submits; studio decides Принять; after Принять studio invoices/payment/production are external.	Corrects v0 invalid actor wording.
MAVO-BUYER-002	MAVO-BUYER-02	/Users/triton/Documents/mavo-short/01_Описание_бизнеса/03_Как_это_работает/_Путь_покупателя.md	markdown	line_range	94-103		self_canon	claim_anchor	Buyer pays studio; studio pays MAVO; no valid Принять means no paid MAVO line.	Supports chain but not buyer willingness proof.
MAVO-BUYER-003	MAVO-BUYER-02	/Users/triton/Documents/mavo-short/Бизнес_Анализ/Проверка_пилота.md	markdown	line_range	16-25		self_canon	reality_protocol	Pilot must prove buyer submits, studio accepts/rejects, money works, channel/trust/layer work.	Reality remains planned, not observed.
MAVO-BUYER-004	MAVO-BUYER-02	/Users/triton/Documents/mavo-short/Бизнес_Анализ/Проверка_пилота.md	markdown	line_range	87-99		self_canon	reality_protocol	Demand proof requires the whole short path, not just Отправить заявку.	Primary funnel evidence is absent in this run.
MAVO-PROFIT-001	MAVO-PROFIT-01	/Users/triton/Documents/mavo-short/Бизнес_Анализ/Ставка_MAVO.md	markdown	line_range	46-54		self_canon	claim_anchor	Paid Принять, trust, SKU factory, economics and defense are hypotheses/deductions, not facts.	Prevents promoting canon decision to measured truth.
MAVO-PROFIT-002	MAVO-PROFIT-01	/Users/triton/Documents/mavo-short/Бизнес_Анализ/Расчёт_прибыли.md	markdown	line_range	52-57		self_canon	decision_ground	V, A, and B cost buckets are not quantified.	Weak decision ground; deterministic check should warn.
MAVO-PROFIT-003	MAVO-PROFIT-01	/Users/triton/Documents/mavo-short/Бизнес_Анализ/Расчёт_прибыли.md	markdown	line_range	83-89		self_canon	decision_ground	Break-even examples depend on assumption V+A+B <= 40% of fee.	Arithmetic shape exists, assumption unmeasured.
MAVO-PROFIT-004	MAVO-PROFIT-01	/Users/triton/Documents/mavo-short/Бизнес_Анализ/Ставка_MAVO.md	markdown	line_range	72-76		self_canon	defeater_anchor	No pessimistic unit table; fee pass-through unproved; Kaspi/free substitutes not answered.	This was missed by v0 profit synthesis.
MAVO-PROFIT-005	MAVO-PROFIT-01	/Users/triton/Documents/mavo-short/Бизнес_Анализ/Проверка_пилота.md	markdown	line_range	45-58		self_canon	reality_protocol	Minimum pilot sample and economic sample are defined as future validation gates.	No observed sample in this run.
MAVO-STUDIO-001	MAVO-STUDIO-03	/Users/triton/Documents/mavo-short/01_Описание_бизнеса/01_Что_такое_МАВО/Что_такое_MAVO.md	markdown	line_range	52-58		self_canon	claim_anchor	Starting audience is small studios in one city with existing demand.	This is an owner hypothesis/choice to test, not proof.
MAVO-STUDIO-002	MAVO-STUDIO-03	/Users/triton/Documents/mavo-short/Бизнес_Анализ/Проверка_пилота.md	markdown	line_range	35-43		self_canon	decision_ground	Pilot segment order starts with private buyers/micro-studios, then micro-business/micro-studios, then broader small studios.	Segment ladder is hypothesis until primary pilot evidence.
MAVO-STUDIO-003	MAVO-STUDIO-03	/Users/triton/Documents/mavo-short/Бизнес_Анализ/Проверка_пилота.md	markdown	line_range	100-112		self_canon	reality_protocol	Unresolved pilot questions include willingness to pay, prepress reduction, adoption bottleneck, WhatsApp fallback, breakeven, channel.	Retention/adoption reality open.
MAVO-AUDIENCE-001	MAVO-AUDIENCE-04	/Users/triton/Documents/mavo-short/Бизнес_Анализ/AGENTS.md	markdown	line_range	39-49		self_canon	protocol	Existing Stake Run protocol requires five lenses including completeness, status honesty, outside market, economics, kill-check.	New audit should integrate with this rather than replace it.
MAVO-EXT-001	MAVO-BUYER-02	https://kaspi.kz/shop/p/kruzhka-kruzhka-s-pechat-ju-133026480/	url	url	https://kaspi.kz/shop/p/kruzhka-kruzhka-s-pechat-ju-133026480/		external_secondary	defeater_anchor	Kaspi listing example for custom printed mug.	Business critic provided as substitute surface; current run did not independently archive page capture.
MAVO-EXT-002	MAVO-BUYER-02	https://obyavleniya.kaspi.kz/almaty/uslugi/delovye-uslugi/reklama-poligrafiya/k--%D0%BF%D0%B5%D1%87%D0%B0%D1%82%D1%8C-%D0%BD%D0%B0-%D1%84%D1%83%D1%82%D0%B1%D0%BE%D0%BB%D0%BA%D0%B0%D1%85/	url	url	https://obyavleniya.kaspi.kz/almaty/uslugi/delovye-uslugi/reklama-poligrafiya/k--%D0%BF%D0%B5%D1%87%D0%B0%D1%82%D1%8C-%D0%BD%D0%B0-%D1%84%D1%83%D1%82%D0%B1%D0%BE%D0%BB%D0%BA%D0%B0%D1%85/		external_secondary	defeater_anchor	Kaspi services search for printing on T-shirts.	Business critic provided as substitute surface; current run did not independently archive page capture.
